{"cameraMode":{"drawMode":0,"name":"Shaded","section":"Shading Mode"},"sceneLighting":false,"audioPlay":false,"sceneViewState":{"m_AlwaysRefresh":false,"showFog":true,"showSkybox":false,"showFlares":true,"showImageEffects":true,"showParticleSystems":true,"showVisualEffectGraphs":true,"m_FxEnabled":true},"in2DMode":false,"pivot":{"x":6.825234413146973,"y":3.531651258468628,"z":-12.107194900512696},"rotation":{"x":0.14647942781448365,"y":-0.0021233083680272104,"z":0.0002412284375168383,"w":0.9892526268959045},"size":4.668137550354004,"orthographic":false}