{"cameraMode":{"drawMode":0,"name":"Shaded","section":"Shading Mode"},"sceneLighting":false,"audioPlay":false,"sceneViewState":{"m_AlwaysRefresh":false,"showFog":true,"showSkybox":false,"showFlares":true,"showImageEffects":true,"showParticleSystems":true,"showVisualEffectGraphs":true,"m_FxEnabled":true},"in2DMode":false,"pivot":{"x":17.521474838256837,"y":-3.539630889892578,"z":-18.109119415283204},"rotation":{"x":0.20092633366584779,"y":-0.17841874063014985,"z":0.03730752691626549,"w":0.9625656008720398},"size":26.81345558166504,"orthographic":false}