{"cameraMode":{"drawMode":0,"name":"Shaded","section":"Shading Mode"},"sceneLighting":false,"audioPlay":false,"sceneViewState":{"m_AlwaysRefresh":false,"showFog":true,"showSkybox":false,"showFlares":true,"showImageEffects":true,"showParticleSystems":true,"showVisualEffectGraphs":true,"m_FxEnabled":true},"in2DMode":false,"pivot":{"x":0.007246196269989014,"y":1.496422529220581,"z":0.0249786376953125},"rotation":{"x":-0.17355526983737946,"y":0.45213019847869875,"z":-0.09008138626813889,"w":-0.8702884316444397},"size":0.7091416120529175,"orthographic":false}