{"cameraMode":{"drawMode":0,"name":"Shaded","section":"Shading Mode"},"sceneLighting":false,"audioPlay":false,"sceneViewState":{"m_AlwaysRefresh":false,"showFog":true,"showSkybox":false,"showFlares":true,"showImageEffects":true,"showParticleSystems":true,"showVisualEffectGraphs":true,"m_FxEnabled":true},"in2DMode":false,"pivot":{"x":-16.625608444213868,"y":-34.54863739013672,"z":-32.273277282714847},"rotation":{"x":-0.4338798224925995,"y":0.009726056829094887,"z":-0.004740893375128508,"w":-0.9009601473808289},"size":51.809574127197269,"orthographic":false}