{"cameraMode":{"drawMode":0,"name":"Shaded","section":"Shading Mode"},"sceneLighting":false,"audioPlay":false,"sceneViewState":{"m_AlwaysRefresh":false,"showFog":true,"showSkybox":false,"showFlares":true,"showImageEffects":true,"showParticleSystems":true,"showVisualEffectGraphs":true,"m_FxEnabled":true},"in2DMode":false,"pivot":{"x":-4.753485202789307,"y":-1.4042707681655884,"z":9.855451583862305},"rotation":{"x":0.11201167851686478,"y":-0.06642573326826096,"z":0.007504724897444248,"w":0.9914563894271851},"size":10.107522964477539,"orthographic":false}