{"cameraMode":{"drawMode":0,"name":"Shaded","section":"Shading Mode"},"sceneLighting":false,"audioPlay":false,"sceneViewState":{"m_AlwaysRefresh":false,"showFog":true,"showSkybox":false,"showFlares":true,"showImageEffects":true,"showParticleSystems":true,"showVisualEffectGraphs":true,"m_FxEnabled":true},"in2DMode":false,"pivot":{"x":8.719290733337403,"y":3.931264877319336,"z":1.8248958587646485},"rotation":{"x":0.061014093458652499,"y":0.9167912006378174,"z":-0.15410169959068299,"w":0.3634636104106903},"size":12.279579162597657,"orthographic":false}