{"cameraMode":{"drawMode":0,"name":"Shaded","section":"Shading Mode"},"sceneLighting":false,"audioPlay":false,"sceneViewState":{"m_AlwaysRefresh":false,"showFog":true,"showSkybox":false,"showFlares":true,"showImageEffects":true,"showParticleSystems":true,"showVisualEffectGraphs":true,"m_FxEnabled":true},"in2DMode":false,"pivot":{"x":0.019753500819206239,"y":0.4136431813240051,"z":-0.2693396210670471},"rotation":{"x":-0.20140312612056733,"y":0.1058538556098938,"z":-0.0218952726572752,"w":-0.9735329747200012},"size":0.1878097951412201,"orthographic":false}