{"cameraMode":{"drawMode":0,"name":"Shaded","section":"Shading Mode"},"sceneLighting":false,"audioPlay":false,"sceneViewState":{"m_AlwaysRefresh":false,"showFog":true,"showSkybox":false,"showFlares":true,"showImageEffects":true,"showParticleSystems":true,"showVisualEffectGraphs":true,"m_FxEnabled":true},"in2DMode":false,"pivot":{"x":18.368799209594728,"y":-32.7638053894043,"z":373.77630615234377},"rotation":{"x":-0.07253473997116089,"y":-0.017636854201555253,"z":0.0012853480875492097,"w":-0.9972284436225891},"size":186.8388214111328,"orthographic":false}