{"cameraMode":{"drawMode":0,"name":"Shaded","section":"Shading Mode"},"sceneLighting":false,"audioPlay":false,"sceneViewState":{"m_AlwaysRefresh":false,"showFog":true,"showSkybox":false,"showFlares":true,"showImageEffects":true,"showParticleSystems":true,"showVisualEffectGraphs":true,"m_FxEnabled":true},"in2DMode":false,"pivot":{"x":13.51452350616455,"y":-2.2352912425994875,"z":10.007238388061524},"rotation":{"x":-0.040354132652282718,"y":0.9591993689537048,"z":-0.18048304319381715,"w":-0.21404634416103364},"size":15.382484436035157,"orthographic":false}