{"cameraMode":{"drawMode":0,"name":"Shaded","section":"Shading Mode"},"sceneLighting":false,"audioPlay":false,"sceneViewState":{"m_AlwaysRefresh":false,"showFog":true,"showSkybox":false,"showFlares":true,"showImageEffects":true,"showParticleSystems":true,"showVisualEffectGraphs":true,"m_FxEnabled":true},"in2DMode":false,"pivot":{"x":5.608407974243164,"y":2.324556827545166,"z":2.4756288528442385},"rotation":{"x":0.061014093458652499,"y":0.9167912006378174,"z":-0.15410169959068299,"w":0.3634636104106903},"size":11.329092979431153,"orthographic":false}