{"cameraMode":{"drawMode":0,"name":"Shaded","section":"Shading Mode"},"sceneLighting":false,"audioPlay":false,"sceneViewState":{"m_AlwaysRefresh":false,"showFog":true,"showSkybox":false,"showFlares":true,"showImageEffects":true,"showParticleSystems":true,"showVisualEffectGraphs":true,"m_FxEnabled":true},"in2DMode":false,"pivot":{"x":1.0362305641174317,"y":-1.2745251655578614,"z":0.25807416439056399},"rotation":{"x":0.183061882853508,"y":0.19324669241905213,"z":-0.03672661632299423,"w":0.963230311870575},"size":2.0278351306915285,"orthographic":false}