{"cameraMode":{"drawMode":0,"name":"Shaded","section":"Shading Mode"},"sceneLighting":false,"audioPlay":false,"sceneViewState":{"m_AlwaysRefresh":false,"showFog":true,"showSkybox":false,"showFlares":true,"showImageEffects":true,"showParticleSystems":true,"showVisualEffectGraphs":true,"m_FxEnabled":true},"in2DMode":false,"pivot":{"x":-47.236305236816409,"y":-33.16893768310547,"z":233.74513244628907},"rotation":{"x":0.014455275610089302,"y":0.946709394454956,"z":-0.31889641284942629,"w":0.04291694611310959},"size":116.02803039550781,"orthographic":false}